,open,high,low,close,volume,symbol
2026-04-15,196.54,200.4,195.74,198.87,185338388.0,NVDA
2026-04-16,197.43,199.85,195.81,198.35,134012859.0,NVDA
2026-04-17,199.9,201.7,199.27,201.68,160324416.0,NVDA
2026-04-20,199.98,202.17,197.8397,202.06,119381388.0,NVDA
2026-04-21,202.13,202.75,199.0,199.88,107945302.0,NVDA
2026-04-22,200.99,202.5,199.0,202.5,107501042.0,NVDA
2026-04-23,202.46,203.829,197.2206,199.64,113561830.0,NVDA
2026-04-24,199.96,210.95,199.81,208.27,214134441.0,NVDA
2026-04-27,209.645,216.825,207.38,216.61,187172421.0,NVDA
2026-04-28,209.49,214.73,208.2,213.17,180275363.0,NVDA
2026-04-29,212.7,212.72,207.5758,209.25,123711821.0,NVDA
2026-04-30,209.93,210.3,198.7,199.57,225239156.0,NVDA
2026-05-01,201.28,203.0,197.12,198.45,128646996.0,NVDA
2026-05-04,199.5,201.73,194.74,198.48,125368092.0,NVDA
2026-05-05,199.3,200.24,196.03,196.5,113406620.0,NVDA
2026-05-06,199.89,208.265,198.61,207.83,188362812.0,NVDA
2026-05-07,208.34,214.2,206.5,211.5,168307873.0,NVDA
2026-05-08,213.03,217.8,212.89,215.2,136421361.0,NVDA
2026-05-11,214.035,222.3,213.89,219.44,160685774.0,NVDA
2026-05-12,218.545,223.75,214.92,220.78,159176619.0,NVDA
2026-05-13,224.93,227.84,221.5653,225.83,150405386.0,NVDA
2026-05-14,229.85,236.54,229.3,235.74,180782857.0,NVDA
2026-05-15,229.76,231.5,224.24,225.32,180977639.0,NVDA
2026-05-18,229.87,230.0,218.37,222.32,146280896.0,NVDA
2026-05-19,219.62,224.48,217.91,220.61,140948207.0,NVDA
2026-05-20,223.18,226.13,220.495,223.47,162279171.0,NVDA
2026-05-21,222.29,227.3999,217.93,219.51,203381760.0,NVDA
2026-05-22,220.904,221.01,214.8,215.33,169275710.0,NVDA
2026-05-26,216.54,218.18,212.0,214.86,187202576.0,NVDA
2026-05-27,214.12,214.15,208.78,212.6,167601172.0,NVDA
2026-05-28,211.275,215.5191,211.22,214.25,143996048.0,NVDA
2026-05-29,214.575,217.8599,211.13,211.14,289410623.0,NVDA
2026-06-01,215.73,224.87,215.7,224.36,212850685.0,NVDA
2026-06-02,227.18,232.28,221.35,222.82,193362903.0,NVDA
2026-06-03,221.72,222.82,214.51,214.75,160907001.0,NVDA
2026-06-04,213.905,221.6,210.97,218.66,169022152.0,NVDA
2026-06-05,214.53,214.87,204.33,205.1,219655531.0,NVDA
2026-06-08,210.18,210.47,206.0,208.64,138372837.0,NVDA
2026-06-09,210.615,211.4,199.34,208.19,180962450.0,NVDA
2026-06-10,204.43,207.22,199.92,200.42,161746587.0,NVDA
2026-06-11,201.49,205.66,199.54,204.87,158643204.0,NVDA
2026-06-12,204.86,207.07,203.4385,205.19,112345314.0,NVDA
2026-06-15,208.92,212.7107,208.34,212.45,149936688.0,NVDA
2026-06-16,211.18,211.49,207.29,207.41,125694100.0,NVDA
2026-06-17,208.53,209.21,203.08,204.65,128363473.0,NVDA
2026-06-18,207.33,211.39,206.5,210.69,241272013.0,NVDA
2026-06-22,211.44,213.99,207.72,208.65,122041419.0,NVDA
2026-06-23,202.17,203.77,200.0,200.04,153496196.0,NVDA
2026-06-24,200.12,201.67,196.58,199.0,151810704.0,NVDA
2026-06-25,200.08,200.8,192.13,195.74,150205647.0,NVDA
2026-06-26,193.12,195.55,191.22,192.53,179304147.0,NVDA
2026-06-29,193.85,196.18,189.8,194.97,148835724.0,NVDA
2026-06-30,197.24,200.63,195.11,200.09,166476665.0,NVDA
2026-07-01,196.2,199.85,193.45,197.58,146147597.0,NVDA
2026-07-02,197.14,200.055,192.35,194.83,142385548.0,NVDA
2026-07-06,194.42,197.55,193.99,195.55,108999015.0,NVDA
2026-07-07,192.37,198.41,191.14,196.93,124154574.0,NVDA
2026-07-08,195.18,205.16,195.06,204.12,147419133.0,NVDA
2026-07-09,204.46,204.585,198.96,202.78,132037359.0,NVDA
2026-07-10,202.0,211.0,201.92,210.96,148421001.0,NVDA
2026-07-13,208.54,210.57,203.0,203.53,121411018.0,NVDA
2026-07-14,208.2,212.55,203.8,211.8,124379646.0,NVDA
2026-07-15,211.96,213.81,206.04,212.5,124797151.0,NVDA
2026-07-16,210.17,211.08,205.845,207.4,122986074.0,NVDA
2026-07-17,202.64,206.645,197.97,202.81,144281910.0,NVDA
2026-07-20,205.87,207.74,202.28,203.28,88701540.0,NVDA
2026-07-21,207.54,208.65,204.01,207.29,108685563.0,NVDA
2026-07-22,205.805,214.39,204.95,212.06,137645596.0,NVDA
2026-07-23,209.455,210.8687,205.96,208.76,110505328.0,NVDA
2026-07-24,207.45,211.9099,204.81,206.84,114836805.0,NVDA
2026-07-27,208.2,208.75,195.44,196.51,154353698.0,NVDA
2026-07-28,195.0,198.7,192.74,197.01,134111494.0,NVDA
2026-07-29,195.845,197.074,190.01,190.01,147680809.0,NVDA
2026-07-30,193.45,197.25,191.52,195.04,129010151.0,NVDA
2026-07-31,198.4405,202.0,194.95,200.75,139961152.0,NVDA
2026-08-03,197.69,208.74,196.85,206.64,128406883.0,NVDA
2026-08-04,211.3,213.06,209.05,211.94,134921997.0,NVDA
2026-08-05,216.86,222.22,216.4,219.22,158187403.0,NVDA
2026-08-06,221.53,223.63,217.0,218.99,113940644.0,NVDA
2026-08-07,221.54,224.76,220.66,223.96,105669440.0,NVDA
2026-08-10,223.4,224.1379,216.77,217.55,115846596.0,NVDA
2026-08-11,222.17,222.2,216.2,217.5,101273148.0,NVDA
2026-08-12,221.04,225.1,220.2,224.09,108783636.0,NVDA
2026-08-13,225.055,227.23,223.71,225.3,98867226.0,NVDA
2026-08-14,226.765,227.49,224.5,225.16,75680870.0,NVDA
2026-08-17,225.98,227.92,224.86,225.01,93678685.0,NVDA
2026-08-18,220.45,221.64,218.6902,219.74,103128247.0,NVDA
2026-08-19,221.67,222.87,216.76,217.56,96797314.0,NVDA
2026-08-20,218.36,219.86,215.66,216.85,92457037.0,NVDA
2026-08-21,218.42,218.74,214.5,214.72,98869300.0,NVDA
2026-08-24,215.53,215.59,207.25,208.48,135187288.0,NVDA
2026-08-25,211.025,214.73,210.11,213.05,122309019.0,NVDA
2026-08-26,212.64,213.6,209.23,209.66,179900003.0,NVDA
2026-08-27,222.86,230.47,220.9,227.98,298909822.0,NVDA
2026-08-28,227.36,229.26,216.81,217.55,195116417.0,NVDA
2026-08-31,218.87,221.3,216.21,220.78,124702660.0,NVDA
2026-09-01,216.75,220.41,215.1,217.44,109756184.0,NVDA
2026-09-02,218.785,227.95,218.48,224.41,157104683.0,NVDA
2026-09-03,226.02,230.4,224.75,228.45,134681610.0,NVDA
2026-09-04,231.09,234.76,229.63,230.36,135352420.0,NVDA
